version,date,op,fixture,wall_s,rss_mb,note
0.11.11,2026-09-06,load,bench_10g.vcd,360,9797,历史基线(每信号 BTreeMap)
0.12.0,2026-09-06,load,bench_10g.vcd,12,-,页缓存暖;冷 ~62s
0.12.0,2026-09-07,count-lit,bench_10g.vcd,282,-,锚定扫描前(逐行)
0.12.1,2026-09-07,count-lit,bench_10g.vcd,151,-,IO-1 锚定扫描
0.12.2,2026-09-07,load,bench_10g.vcd,42,-,全局行采样加载
0.12.3,2026-09-07,count-var,bench_10g.vcd,138,-,变量 RHS 快路径
0.12.8,2026-09-08,count-any-expr,bench_2g.vcd,31,4547,区间扫描引擎(load+变更列扫描主导;逐拍回退原>90s超时)
0.12.24,2026-09-08,count-lit,bench_2g.vcd,29.08,3945,语义修复轮无回归(==77629 oracle)
0.12.24,2026-09-08,count-edge-level,bench_2g.vcd,58.69,3949,(&& (rising s0) (= (get s1) 1)) 引擎==逐拍==0
0.12.24,2026-09-08,count-mixed,bench_2g.vcd,57.85,3901,(|| (rising s0) (= (get s0) 1)) == 77757(电平+边沿并集)
0.12.34,2026-09-08,load,bench_10g.vcd,82.37,3008,冷读(页缓存冷;0.12.2 的 42s 是暖页缓存)
0.12.34,2026-09-08,count-lit-cold,bench_10g.vcd,216.28,6975,==92871
0.12.34,2026-09-08,count-lit-2nd-same-proc,bench_10g.vcd,85,-,修复前:同进程第二次同信号仍重扫(~85s)
0.12.35,2026-09-08,count-lit-3x-same-proc,bench_10g.vcd,227.28,5453,修复后第2/3次≈0s(变更列复用);==92871
0.12.34,2026-09-08,count-engine-only,bench_2g.vcd,78.93,3194,(= (get s0) (get s1)) 引擎 O(变更点)
0.12.34,2026-09-08,count-edge-level,bench_2g.vcd,72.81,3292,(&& (rising s0) (= (get s0) 1)) == 54
0.12.34,2026-09-08,count-const,bench_2g.vcd,15.45,3013,(count (= 1 1)) == 300000(常量折叠)
0.12.34,2026-09-08,cache-hit,bench_10g.vcd,150.34,6527,跨进程缓存命中(391MB .wcol)
0.12.36,2026-09-08,count-lit-2nd-process,bench_10g.vcd,3.35,1158,旁挂列缓存命中(首个进程冷扫描 113.8s)
0.13.0,2026-09-10,header-4m-signals,.tools/vmwave/p_many4m.vcd,1.59,968,(length (SIGNALS)) == 4000000; 同轮 0.12.45 = 2.35s/1237MB (arena+开放寻址)
0.13.0,2026-09-10,header-1m-dumpvars,.tools/vmwave/p_many_dv.vcd,0.45,282,(length (SIGNALS)) == 1000000; 同轮 0.12.45 = 0.63s/348MB (初值 blob)
0.13.0,2026-09-10,count-lit-2nd-process,bench_10g.vcd,2.47,1135,旁挂列缓存命中(v0.12.x 写的 .wcol/.col 仍可读) == 92871
0.13.0,2026-09-10,count-lit-2g,bench_2g.vcd,21.86,10165,(count (= (get s0) 1)) == 77629; 0.12.45 同轮 30.54s (RSS 含 mmap 页, 页缓存状态不同)
0.13.2,2026-09-10,load-header-only,bench_10g.vcd,1.08,950,仅读文件头 (SIGNALS)==3500000; 0.13.1 同命令 62.8s (RSS≈信号表堆)
0.13.2,2026-09-10,count-lit-cold-fused,bench_10g.vcd,70.48,13641,懒索引+变更列融合单遍 (count (= (get s0) 1)) == 92871; 0.13.1 = 109s, 0.12.45 = 216s (RSS 含 mmap 页)
0.13.2,2026-09-10,count-lit-cold-fused,bench_2g.vcd,6.69,11013,同上 == 77629; 0.13.1 = 12.5s, 0.12.45 = 41.6s (RSS 含 mmap 页)
0.13.2,2026-09-10,count-rise-real-vcs,.tools/vmwave/big1g.vcd,0.29,1142,(count (rising r000)) == 1168; 页缓存暖, 三轮 0.29/0.42/0.39 vs 旧 0.46/0.52/0.39
0.14.31,2026-09-26,fsdb-cold-load,cal1m.fsdb,0.08,96,=> 19
0.14.31,2026-09-26,fsdb-build-load,cal1m.fsdb,0.08,95,=> 19
0.14.31,2026-09-26,fsdb-hit-load,cal1m.fsdb,0.08,95,=> 19
0.14.31,2026-09-26,fsdb-cold-edge,cal1m.fsdb,0.36,235,=> 1000001
0.14.31,2026-09-26,fsdb-build-edge,cal1m.fsdb,0.38,241,=> 1000001
0.14.31,2026-09-26,fsdb-hit-edge,cal1m.fsdb,0.08,165,=> 1000001
0.14.31,2026-09-26,fsdb-cold-level,cal1m.fsdb,2.37,295,=> 1000001
0.14.31,2026-09-26,fsdb-build-level,cal1m.fsdb,2.14,284,=> 1000001
0.14.31,2026-09-26,fsdb-hit-level,cal1m.fsdb,0.13,279,=> 1000001
0.14.31,2026-09-26,fsdb-cold-at,cal1m.fsdb,0.36,238,=> (0 0)
0.14.31,2026-09-26,fsdb-build-at,cal1m.fsdb,0.08,227,=> (0 0)
0.14.31,2026-09-26,fsdb-hit-at,cal1m.fsdb,0.08,227,=> (0 0)
0.14.35,2026-09-27,fsdb-cold-load,many4m.fsdb,6.58,2013,=> 4000000
0.14.35,2026-09-27,fsdb-build-load,many4m.fsdb,6.15,2014,=> 4000000
0.14.35,2026-09-27,fsdb-hit-load,many4m.fsdb,0.78,956,=> 4000000
0.14.35,2026-09-27,fsdb-cold-edge,many4m.fsdb,6.28,1531,=> 0
0.14.35,2026-09-27,fsdb-build-edge,many4m.fsdb,4.51,1485,=> 0
0.14.35,2026-09-27,fsdb-hit-edge,many4m.fsdb,4.65,1485,=> 0
0.14.35,2026-09-27,fsdb-cold-level,many4m.fsdb,21.20,1599,=> 0
0.14.35,2026-09-27,fsdb-build-level,many4m.fsdb,17.49,1510,=> 0
0.14.35,2026-09-27,fsdb-hit-level,many4m.fsdb,4.85,1486,=> 0
0.14.35,2026-09-27,fsdb-cold-at,many4m.fsdb,6.27,1530,"=> (0 ""x"")"
0.14.35,2026-09-27,fsdb-build-at,many4m.fsdb,4.89,1485,"=> (0 ""x"")"
0.14.35,2026-09-27,fsdb-hit-at,many4m.fsdb,4.86,1486,"=> (0 ""x"")"
0.14.35,2026-09-27,fsdb-par-j1,many4m.fsdb,22.60,2233,
0.14.35,2026-09-27,fsdb-par-jauto,many4m.fsdb,18.39,1532,
0.14.35,2026-09-27,fsdb-par-j8,many4m.fsdb,19.17,1512,
0.14.35,2026-09-27,fsdb-par-jauto-hit,many4m.fsdb,4.84,1485,
0.14.37,2026-09-27,fsdb-cold-load,aicore_smoke_test_000.fsdb,54.16,13295,=> 17956098
0.14.37,2026-09-27,fsdb-build-load,aicore_smoke_test_000.fsdb,57.94,13601,=> 17956098
0.14.37,2026-09-27,fsdb-hit-load,aicore_smoke_test_000.fsdb,11.08,6197,=> 17956098
0.14.37,2026-09-27,fsdb-cold-edge,aicore_smoke_test_000.fsdb,56.63,13267,=> 0
0.14.37,2026-09-27,fsdb-build-edge,aicore_smoke_test_000.fsdb,10.54,6199,=> 0
0.14.37,2026-09-27,fsdb-hit-edge,aicore_smoke_test_000.fsdb,10.11,6200,=> 0
0.14.40,2026-09-27,fsdb-par-build,aicore_smoke_test_000.fsdb,570,5800,"8片×scope-depth4 并行建时间线(320,204 点; 单 walker 外推 ~2700s)"
0.14.40,2026-09-27,fsdb-hit-level,aicore_smoke_test_000.fsdb,11.39,6198,=> 320172(.ftl 命中: 320204 点)
0.14.43,2026-09-28,fsdb-cold-load,aicore_smoke_test_000.fsdb,52.54,13293,=> 17956098
0.14.43,2026-09-28,fsdb-build-load,aicore_smoke_test_000.fsdb,53.36,13602,=> 17956098
0.14.43,2026-09-28,fsdb-hit-load,aicore_smoke_test_000.fsdb,10.49,6197,=> 17956098
0.14.43,2026-09-28,fsdb-cold-edge,aicore_smoke_test_000.fsdb,54.56,13294,=> 1
0.14.43,2026-09-28,fsdb-build-edge,aicore_smoke_test_000.fsdb,11.78,6199,=> 1
0.14.43,2026-09-28,fsdb-hit-edge,aicore_smoke_test_000.fsdb,10.46,6199,=> 1
0.14.43,2026-09-28,fsdb-cold-at,aicore_smoke_test_000.fsdb,56.71,13116,=> (0 0)
0.14.43,2026-09-28,fsdb-build-at,aicore_smoke_test_000.fsdb,11.19,6202,=> (0 0)
0.14.43,2026-09-28,fsdb-hit-at,aicore_smoke_test_000.fsdb,10.50,6201,=> (0 0)
0.14.43,2026-09-28,fsdb-hit-level,aicore_smoke_test_000.fsdb,11.10,6199,=> 320172 (.ftl 命中: 320204 点)
0.14.43,2026-09-28,fsdb-par-build,aicore_smoke_test_000.fsdb,636,-,冷启动 8片×自动选层 depth5(320204 点; 含 44s 层统计遍历); 单 walker 外推 ~2700s
0.14.43,2026-09-28,fsdb-cold-load,many4m.fsdb,4.49,1547,=> 4000000
0.14.43,2026-09-28,fsdb-build-load,many4m.fsdb,4.70,1495,=> 4000000
0.14.43,2026-09-28,fsdb-hit-load,many4m.fsdb,0.47,454,=> 4000000
0.14.43,2026-09-28,fsdb-cold-edge,many4m.fsdb,4.73,1547,=> 0
0.14.43,2026-09-28,fsdb-build-edge,many4m.fsdb,3.63,1487,=> 0
0.14.43,2026-09-28,fsdb-hit-edge,many4m.fsdb,3.58,1487,=> 0
0.14.43,2026-09-28,fsdb-cold-level,many4m.fsdb,31.42,1931,=> 0
0.14.43,2026-09-28,fsdb-build-level,many4m.fsdb,16.27,2208,=> 0
0.14.43,2026-09-28,fsdb-hit-level,many4m.fsdb,3.57,1487,=> 0
0.14.43,2026-09-28,fsdb-cold-at,many4m.fsdb,4.70,1547,=> (0 "x")
0.14.43,2026-09-28,fsdb-build-at,many4m.fsdb,3.39,1487,=> (0 "x")
0.14.43,2026-09-28,fsdb-hit-at,many4m.fsdb,3.57,1485,=> (0 "x")
0.14.44,2026-09-28,fsdb-cold-load,many4m.fsdb,4.35,1547,=> 4000000
0.14.44,2026-09-28,fsdb-build-load,many4m.fsdb,4.39,1495,=> 4000000
0.14.44,2026-09-28,fsdb-hit-load,many4m.fsdb,0.43,454,=> 4000000
0.14.44,2026-09-28,fsdb-cold-edge,many4m.fsdb,4.04,1547,=> 0
0.14.44,2026-09-28,fsdb-build-edge,many4m.fsdb,3.17,1486,=> 0
0.14.44,2026-09-28,fsdb-hit-edge,many4m.fsdb,3.41,1486,=> 0
0.14.44,2026-09-28,fsdb-cold-level,many4m.fsdb,15.65,1547,=> 0
0.14.44,2026-09-28,fsdb-build-level,many4m.fsdb,14.84,1493,=> 0
0.14.44,2026-09-28,fsdb-hit-level,many4m.fsdb,3.44,1486,=> 0
0.14.44,2026-09-28,fsdb-cold-at,many4m.fsdb,4.31,1547,=> (0 "x")
0.14.44,2026-09-28,fsdb-build-at,many4m.fsdb,3.39,1486,=> (0 "x")
0.14.44,2026-09-28,fsdb-hit-at,many4m.fsdb,3.21,1486,=> (0 "x")
0.14.46,2026-09-30,fsdb-stdin-load,aicore_smoke_test_000.fsdb,10.5,6034,--stdin 一次加载分段和: NPI open 4.4s + 名字解码 4.7s + 名字索引 ~1.0s(索引段 5.20s -> 0.94/1.34s: FNV 哈希改 rayon 并行); 同二进制页缓存冷时单次 14.8s
